Vs,Vr,Vl,I
0.5877853,0.0293945,0.5583908,0.0293945
0.9510565,0.1026147,0.8484418,0.1026147
0.9510565,0.1864540,0.7646025,0.1864540
0.5877853,0.2441482,0.3436371,0.2441482
0.0000000,0.2493706,-0.2493706,0.2493706
-0.5877853,0.1962454,-0.7840306,0.1962454
-0.9510565,0.1015527,-1.0526092,0.1015527
-0.9510565,-0.0017157,-0.9493408,-0.0017157
-0.5877853,-0.0769901,-0.5107952,-0.0769901
0.0000000,-0.0981197,0.0981197,-0.0981197
0.5877853,-0.0593879,0.6471731,-0.0593879
0.9510565,0.0222811,0.9287754,0.0222811
0.9510565,0.1137652,0.8372913,0.1137652
0.5877853,0.1783766,0.4094087,0.1783766
0.0000000,0.1898580,-0.1898580,0.1898580
-0.5877853,0.1423962,-0.7301814,0.1423962
-0.9510565,0.0528279,-1.0038844,0.0528279
-0.9510565,-0.0458037,-0.9052528,-0.0458037
-0.5877853,-0.1168825,-0.4709027,-0.1168825
0.0000000,-0.1342159,0.1342159,-0.1342159
0.5877853,-0.0920491,0.6798344,-0.0920491
0.9510565,-0.0072720,0.9583285,-0.0072720
0.9510565,0.0870244,0.8640321,0.0870244
0.5877853,0.1541806,0.4336047,0.1541806
0.0000000,0.1679646,-0.1679646,0.1679646
-0.5877853,0.1225861,-0.7103714,0.1225861
-0.9510565,0.0349030,-0.9859596,0.0349030
-0.9510565,-0.0620228,-0.8890337,-0.0620228
-0.5877853,-0.1315582,-0.4562271,-0.1315582
0.0000000,-0.1474950,0.1474950,-0.1474950
0.5877853,-0.1040645,0.6918497,-0.1040645
0.9510565,-0.0181440,0.9692005,-0.0181440
0.9510565,0.0771871,0.8738694,0.0771871
0.5877853,0.1452794,0.4425059,0.1452794
0.0000000,0.1599104,-0.1599104,0.1599104
-0.5877853,0.1152984,-0.7030837,0.1152984
-0.9510565,0.0283088,-0.9793654,0.0283088
-0.9510565,-0.0679895,-0.8830670,-0.0679895
-0.5877853,-0.1369570,-0.4508282,-0.1369570
0.0000000,-0.1523801,0.1523801,-0.1523801
0.5877853,-0.1084847,0.6962700,-0.1084847
0.9510565,-0.0221435,0.9732000,-0.0221435
0.9510565,0.0735681,0.8774884,0.0735681
0.5877853,0.1420048,0.4457805,0.1420048
0.0000000,0.1569474,-0.1569474,0.1569474
-0.5877853,0.1126174,-0.7004027,0.1126174
-0.9510565,0.0258830,-0.9769395,0.0258830
-0.9510565,-0.0701845,-0.8808720,-0.0701845
-0.5877853,-0.1389432,-0.4488421,-0.1389432
0.0000000,-0.1541772,0.1541772,-0.1541772
0.0000000,0.0000000,0.0000000,0.0000000
1.0000000,0.0130952,0.9869048,0.0130952
1.0000000,0.1070116,0.8929884,0.1070116
1.0000000,0.1919907,0.8080093,0.1919907
1.0000000,0.2688830,0.7311170,0.2688830
1.0000000,0.3384580,0.6615420,0.3384580
1.0000000,0.4014120,0.5985880,0.4014120
1.0000000,0.4583752,0.5416248,0.4583752
1.0000000,0.5099176,0.4900824,0.5099176
1.0000000,0.5565551,0.4434449,0.5565551
1.0000000,0.5987545,0.4012455,0.5987545
1.0000000,0.6369380,0.3630620,0.6369380
1.0000000,0.6714879,0.3285121,0.6714879
1.0000000,0.7027500,0.2972500,0.7027500
1.0000000,0.7310371,0.2689629,0.7310371
1.0000000,0.7566323,0.2433677,0.7566323
1.0000000,0.7797918,0.2202082,0.7797918
1.0000000,0.8007474,0.1992526,0.8007474
1.0000000,0.8197088,0.1802912,0.8197088
1.0000000,0.8368657,0.1631343,0.8368657
1.0000000,0.8523900,0.1476100,0.8523900
1.0000000,0.8664370,0.1335630,0.8664370
1.0000000,0.8791472,0.1208528,0.8791472
1.0000000,0.8906478,0.1093522,0.8906478
1.0000000,0.9010541,0.0989459,0.9010541
1.0000000,0.9104700,0.0895300,0.9104700
1.0000000,0.9189899,0.0810101,0.9189899
1.0000000,0.9266991,0.0733009,0.9266991
1.0000000,0.9336746,0.0663254,0.9336746
1.0000000,0.9399863,0.0600137,0.9399863
1.0000000,0.9456973,0.0543027,0.9456973
1.0000000,0.9508649,0.0491351,0.9508649
1.0000000,0.9555407,0.0444593,0.9555407
1.0000000,0.9597716,0.0402284,0.9597716
1.0000000,0.9635998,0.0364002,0.9635998
1.0000000,0.9670638,0.0329362,0.9670638
1.0000000,0.9701981,0.0298019,0.9701981
1.0000000,0.9730341,0.0269659,0.9730341
1.0000000,0.9756002,0.0243998,0.9756002
1.0000000,0.9779222,0.0220778,0.9779222
1.0000000,0.9800232,0.0199768,0.9800232
1.0000000,0.9819242,0.0180758,0.9819242
1.0000000,0.9836443,0.0163557,0.9836443
1.0000000,0.9852008,0.0147992,0.9852008
1.0000000,0.9866091,0.0133909,0.9866091
1.0000000,0.9878834,0.0121166,0.9878834
1.0000000,0.9890365,0.0109635,0.9890365
1.0000000,0.0000000,1.0000000,0.0000000
1.0000000,0.0951626,0.9048374,0.0951626
1.0000000,0.1812692,0.8187308,0.1812692
1.0000000,0.2591818,0.7408182,0.2591818
1.0000000,0.3296800,0.6703200,0.3296800
0.0000000,0.3803741,-0.3803741,0.3803741
0.0000000,0.3441767,-0.3441767,0.3441767
0.0000000,0.3114240,-0.3114240,0.3114240
0.0000000,0.2817881,-0.2817881,0.2817881
0.0000000,0.2549724,-0.2549724,0.2549724
0.0000000,0.2307086,-0.2307086,0.2307086
0.0000000,0.2087537,-0.2087537,0.2087537
0.0000000,0.1888882,-0.1888882,0.1888882
0.0000000,0.1709131,-0.1709131,0.1709131
0.0000000,0.1546486,-0.1546486,0.1546486
0.0000000,0.1399318,-0.1399318,0.1399318
0.0000000,0.1266155,-0.1266155,0.1266155
0.0000000,0.1145665,-0.1145665,0.1145665
0.0000000,0.1036640,-0.1036640,0.1036640
0.0000000,0.0937991,-0.0937991,0.0937991
0.0000000,0.0848729,-0.0848729,0.0848729
0.0000000,0.0767962,-0.0767962,0.0767962
0.0000000,0.0694881,-0.0694881,0.0694881
0.0000000,0.0628754,-0.0628754,0.0628754
0.0000000,0.0568920,-0.0568920,0.0568920
0.0000000,0.0514780,-0.0514780,0.0514780
0.0000000,0.0465793,-0.0465793,0.0465793
0.0000000,0.0421467,-0.0421467,0.0421467
0.0000000,0.0381359,-0.0381359,0.0381359
0.0000000,0.0345068,-0.0345068,0.0345068
0.0000000,0.0312230,-0.0312230,0.0312230
0.0000000,0.0282517,-0.0282517,0.0282517
0.0000000,0.0255632,-0.0255632,0.0255632
0.0000000,0.0231306,-0.0231306,0.0231306
0.0000000,0.0209294,-0.0209294,0.0209294
0.0000000,0.0189377,-0.0189377,0.0189377
0.0000000,0.0171356,-0.0171356,0.0171356
0.0000000,0.0155049,-0.0155049,0.0155049
0.0000000,0.0140294,-0.0140294,0.0140294
0.0000000,0.0126943,-0.0126943,0.0126943
0.0000000,0.0114863,-0.0114863,0.0114863
0.0000000,0.0103932,-0.0103932,0.0103932
0.0000000,0.0094042,-0.0094042,0.0094042
0.0000000,0.0085093,-0.0085093,0.0085093
0.0000000,0.0076995,-0.0076995,0.0076995
0.0000000,0.0069668,-0.0069668,0.0069668
0.0000000,0.0063038,-0.0063038,0.0063038
0.0000000,0.0057039,-0.0057039,0.0057039
0.0000000,0.0051611,-0.0051611,0.0051611
0.0000000,0.0046700,-0.0046700,0.0046700
0.0000000,0.0042256,-0.0042256,0.0042256
0.0000000,0.0000000,0.0000000,0.0000000
1.0000000,0.0000000,1.0000000,0.0000000
0.0000000,0.0951626,-0.0951626,0.0951626
0.0000000,0.0861067,-0.0861067,0.0861067
0.0000000,0.0779125,-0.0779125,0.0779125
0.0000000,0.0704982,-0.0704982,0.0704982
0.0000000,0.0637894,-0.0637894,0.0637894
0.0000000,0.0577190,-0.0577190,0.0577190
0.0000000,0.0522263,-0.0522263,0.0522263
0.0000000,0.0472563,-0.0472563,0.0472563
0.0000000,0.0427593,-0.0427593,0.0427593
0.0000000,0.0386902,-0.0386902,0.0386902
0.0000000,0.0350084,-0.0350084,0.0350084
0.0000000,0.0316769,-0.0316769,0.0316769
0.0000000,0.0286624,-0.0286624,0.0286624
0.0000000,0.0259348,-0.0259348,0.0259348
0.0000000,0.0234668,-0.0234668,0.0234668
0.0000000,0.0212336,-0.0212336,0.0212336
0.0000000,0.0192130,-0.0192130,0.0192130
0.0000000,0.0173846,-0.0173846,0.0173846
0.0000000,0.0157303,-0.0157303,0.0157303
0.0000000,0.0142333,-0.0142333,0.0142333
0.0000000,0.0128789,-0.0128789,0.0128789
0.0000000,0.0116533,-0.0116533,0.0116533
0.0000000,0.0105443,-0.0105443,0.0105443
0.0000000,0.0095409,-0.0095409,0.0095409
0.0000000,0.0086330,-0.0086330,0.0086330
0.0000000,0.0078114,-0.0078114,0.0078114
0.0000000,0.0070681,-0.0070681,0.0070681
0.0000000,0.0063955,-0.0063955,0.0063955
0.0000000,0.0057868,-0.0057868,0.0057868
0.0000000,0.0052362,-0.0052362,0.0052362
0.0000000,0.0047379,-0.0047379,0.0047379
0.0000000,0.0042870,-0.0042870,0.0042870
0.0000000,0.0038790,-0.0038790,0.0038790
0.0000000,0.0035099,-0.0035099,0.0035099
0.0000000,0.0031759,-0.0031759,0.0031759
0.0000000,0.0028737,-0.0028737,0.0028737
0.0000000,0.0026002,-0.0026002,0.0026002
0.0000000,0.0023528,-0.0023528,0.0023528
0.0000000,0.0021289,-0.0021289,0.0021289
0.0000000,0.0019263,-0.0019263,0.0019263
0.0000000,0.0017430,-0.0017430,0.0017430
0.0000000,0.0015771,-0.0015771,0.0015771
0.0000000,0.0014270,-0.0014270,0.0014270
0.0000000,0.0012912,-0.0012912,0.0012912
0.0000000,0.0011683,-0.0011683,0.0011683
0.0000000,0.0010572,-0.0010572,0.0010572
0.0000000,0.0009566,-0.0009566,0.0009566
0.0000000,0.0008655,-0.0008655,0.0008655
0.0000000,0.0007832,-0.0007832,0.0007832
0.0000000,0.0000000,0.0000000,0.0000000
-1.0000000,0.0000000,-1.0000000,0.0000000
0.0000000,-0.0951626,0.0951626,-0.0951626
0.0000000,-0.0861067,0.0861067,-0.0861067
0.0000000,-0.0779125,0.0779125,-0.0779125
0.0000000,-0.0704982,0.0704982,-0.0704982
0.0000000,-0.0637894,0.0637894,-0.0637894
0.0000000,-0.0577190,0.0577190,-0.0577190
0.0000000,-0.0522263,0.0522263,-0.0522263
0.0000000,-0.0472563,0.0472563,-0.0472563
0.0000000,-0.0427593,0.0427593,-0.0427593
0.0000000,-0.0386902,0.0386902,-0.0386902
0.0000000,-0.0350084,0.0350084,-0.0350084
0.0000000,-0.0316769,0.0316769,-0.0316769
0.0000000,-0.0286624,0.0286624,-0.0286624
0.0000000,-0.0259348,0.0259348,-0.0259348
0.0000000,-0.0234668,0.0234668,-0.0234668
0.0000000,-0.0212336,0.0212336,-0.0212336
0.0000000,-0.0192130,0.0192130,-0.0192130
0.0000000,-0.0173846,0.0173846,-0.0173846
0.0000000,-0.0157303,0.0157303,-0.0157303
0.0000000,-0.0142333,0.0142333,-0.0142333
0.0000000,-0.0128789,0.0128789,-0.0128789
0.0000000,-0.0116533,0.0116533,-0.0116533
0.0000000,-0.0105443,0.0105443,-0.0105443
0.0000000,-0.0095409,0.0095409,-0.0095409
0.0000000,-0.0086330,0.0086330,-0.0086330
0.0000000,-0.0078114,0.0078114,-0.0078114
0.0000000,-0.0070681,0.0070681,-0.0070681
0.0000000,-0.0063955,0.0063955,-0.0063955
0.0000000,-0.0057868,0.0057868,-0.0057868
0.0000000,-0.0052362,0.0052362,-0.0052362
0.0000000,-0.0047379,0.0047379,-0.0047379
0.0000000,-0.0042870,0.0042870,-0.0042870
0.0000000,-0.0038790,0.0038790,-0.0038790
0.0000000,-0.0035099,0.0035099,-0.0035099
0.0000000,-0.0031759,0.0031759,-0.0031759
0.0000000,-0.0028737,0.0028737,-0.0028737
0.0000000,-0.0026002,0.0026002,-0.0026002
0.0000000,-0.0023528,0.0023528,-0.0023528
0.0000000,-0.0021289,0.0021289,-0.0021289
0.0000000,-0.0019263,0.0019263,-0.0019263
0.0000000,-0.0017430,0.0017430,-0.0017430
0.0000000,-0.0015771,0.0015771,-0.0015771
0.0000000,-0.0014270,0.0014270,-0.0014270
0.0000000,-0.0012912,0.0012912,-0.0012912
0.0000000,-0.0011683,0.0011683,-0.0011683
0.0000000,-0.0010572,0.0010572,-0.0010572
0.0000000,-0.0009566,0.0009566,-0.0009566
0.0000000,-0.0008655,0.0008655,-0.0008655
0.0000000,-0.0007832,0.0007832,-0.0007832
